term,weight,seed,c1,F1,progress,F_ET,c3,cerr,F_err_T,c5,c6,delta_qec_mean,delta_qec_tail,L_mean,L_T,L_tail,eta0_mean,eta0_tail,eta_avg_mean,eta_avg_tail,max_active_fock,max_abs_preimage,gate_ok,nit,improves,et_ok
control,0.0,0,0.0015824099323756835,0.9984175900676243,0.9976263851014366,0.6486955918995602,0.09308120361586043,0.6784013484994175,0.32159865150058253,0.007648915882186404,10316.344581637512,0.3613458793750369,0.00505674984284659,0.32584404445155724,0.6147847550572378,0.6161423074385713,0.1813644103435258,0.31943486908515506,0.3293405133038133,0.7126528291174203,9,59.99960186678153,True,,,
err,0.01,0,0.0009116860802532711,0.9990883139197467,0.9986324708796203,0.6691224632654438,0.11189186740044553,0.44287964735338936,0.5571203526466106,0.0019447521531642405,10404.524255505547,0.30033717510009666,0.0154716914843174,0.30711923461061336,0.39373654688431153,0.42439497170122226,0.28726421373821887,0.7238326404008527,0.31415847871759606,0.5349692884555391,9,59.93927959843065,True,500+500,True,True
err,0.1,0,0.002140515768878859,0.9978594842311211,0.9967892263466819,0.6239456777381703,0.09692504401494466,0.05943528654658259,0.9405647134534174,0.00133237787864656,10703.89431720013,0.31621840194674095,0.005672339724353597,0.3587578610012842,0.0667811574659155,0.1638112505707734,0.31082859265994606,0.028406889608281225,0.3331021262026592,0.06637927012830125,9,60.0,True,500+500,True,True
err,0.3,0,0.0015676812561539188,0.9984323187438461,0.9976484781157693,0.6147194805250522,0.13780411039692267,0.01484802430928378,0.9851519756907162,0.0008808139550569125,8195.13913206741,0.25999303937785084,0.006901373409047844,0.34984237897358256,0.02042536197304105,0.045970072765426744,0.25801463769512667,0.009685976442387135,0.40572948996758795,0.03517768674750202,11,59.9995804677525,True,500+500,True,True
err,0.5,0,0.003047882303085392,0.9969521176969146,0.9954281765453721,0.5381845263085248,0.07886514129495988,0.006463084311921552,0.9935369156880784,0.003111192260210538,13129.739730364236,0.4296730566474568,0.0068027071094494155,0.4272989184066655,0.019769832684207362,0.11495122386985301,0.41229367277190604,0.05375065636610684,0.4741886001231229,0.06438202526598119,9,60.0,True,500+500,True,False
err,1.0,0,0.6666671807056141,0.33333281929438585,-7.710584210285364e-07,0.9969345422596313,0.15372026197480032,0.6666669188272182,0.3333330811727818,8.449867393919613e-12,243.3981089294258,2.8874371729488173e-06,5.084381176330371e-07,0.0026926138067508913,2.868828894423784e-06,0.0006271257423638038,2.8401486846474022e-06,3.303354049261689e-06,0.026569228365303073,0.059432853320941656,4,58.37435441395328,False,500+500,True,True
err,3.0,0,0.0027319175354563185,0.9972680824645437,0.9959021236968155,0.46895324525904825,0.0707655889612902,0.00066117347303285,0.9993388265269671,0.003720507332774704,10174.544068561281,0.48230831386893835,0.00954144259505814,0.4253107344581385,0.010879550200002364,0.11657974005688759,0.41772914988245247,0.029123317955982896,0.7892284028831505,0.0648145100133131,8,59.994334328326744,True,500+500,True,False
dn,1.0,0,0.0012421119480956477,0.9987578880519044,0.9981368320778565,0.6613371904661083,0.08239318550820189,0.5628404864515217,0.43715951354847826,0.000522898311734857,7694.246824461433,0.23811324245991525,0.015702492753833914,0.3218094511163648,0.5425158477006589,0.5765897457940293,0.1376492690424442,0.14364004027464372,0.2484361626961447,0.35574124024559206,10,59.99998316063551,True,500+500,True,True
dn,3.0,0,0.6666671798764054,0.33333282012359455,-7.698146079759826e-07,0.9970518955074457,0.1795201677108553,0.6669848464362176,0.3330151535637824,9.044466153145296e-12,315.81467853662195,2.388976622968268e-06,1.9544365514416237e-07,0.0026033084781136523,0.0009184985506535311,0.0009373502991034678,2.5990663855139857e-06,4.2068849635220765e-06,0.0247758372097735,0.058645263863428054,4,59.4946500907911,False,500+500,True,True
dn,6.0,0,0.0011107063953653684,0.9988892936046346,0.9983339404069521,0.6101173342599213,0.08232441054722765,0.4555688047575007,0.5444311952424993,0.00013919024394832896,9547.68496078403,0.25794485794877337,0.0032417902144401285,0.3780517494767511,0.42219975853433933,0.42052996427440914,0.20646214622188172,0.3380116083132327,0.2456745301509703,0.33543751547900397,11,60.0,True,500+500,True,True
dn,10.0,0,0.000981704659568483,0.9990182953404315,0.9985274430106474,0.6422052613614595,0.07501666616243088,0.33105946888324755,0.6689405311167524,7.729582749251235e-05,13081.746344583818,0.2639175825684354,0.009574045661609928,0.3428591021605774,0.31396809337461473,0.3370066381882476,0.29216002919006545,0.49641930367202386,0.2956278356678726,0.2901239878030819,9,59.99573187285067,True,500+500,True,True
dn,15.0,0,0.0019438162207391363,0.9980561837792609,0.9970842756688915,0.5213297084504629,0.08418486343464097,0.9084188503065824,0.09158114969341757,1.612854643616004e-05,8593.618632849104,0.10707264424439478,0.0025767606879434704,0.44146365766894696,0.7718392830064524,0.763295920659303,0.5152188473472976,1.8216093483216522,0.45753312263139573,1.451882693414854,13,60.0,True,500+500,True,False
dn,30.0,0,0.0013686487922947022,0.9986313512077053,0.9979470268115581,0.6629498515996796,0.09388028361556898,0.8237350333364036,0.17626496666359637,2.9770334779791933e-05,10757.13156783858,0.10247880934131871,0.034982088653074214,0.321008269599239,0.7677305207425814,0.7767842040247274,0.3304457217012842,0.7163258864267712,0.3109426907378404,0.8068025617482374,9,60.0,True,500+500,True,True
control,0.0,2,0.001181289754376369,0.9988187102456236,0.9982280653684354,0.6531316018782483,0.16207867477707075,0.6768820625496959,0.32311793745030415,0.0015185196388661538,7730.152105269223,0.21917267762844386,0.032532457763166475,0.31986466052644064,0.6225549619962075,0.5803090494946181,0.3819273434118069,0.8774178725899701,0.3447367767412694,0.6448907377559995,10,60.0,True,,,
err,0.01,2,0.0010119065124770676,0.9989880934875229,0.9984821402312846,0.6468502028878499,0.09947698898803775,0.4785312695316394,0.5214687304683606,0.0019617644079284896,9738.380149922767,0.27425824145673783,0.020255103053621742,0.33345865791724383,0.44131574139354707,0.43480355585323494,0.2907813936468924,0.4007878657954586,0.28603268095108236,0.4453320596062612,9,59.98076681396428,True,500+500,True,True
err,0.1,2,0.0014882534118245694,0.9985117465881754,0.9977676198822631,0.5876047140981401,0.08098925162685268,0.08408378710459774,0.9159162128954023,0.00397163108230987,10246.922233788066,0.3405671555731302,0.02404093063341585,0.37986699088498055,0.07971071856211119,0.1946582169339215,0.4204260948741935,0.04412536699476333,0.42238827890382474,0.12232886243437537,9,60.0,True,500+500,True,False
err,0.3,2,0.0010893963355860237,0.998910603664414,0.998365905496621,0.6319870480419881,0.0816936222902895,0.007914142245529443,0.9920858577544706,0.0031906105176012114,12067.17073056973,0.32125848528082473,0.005413904418977664,0.3447164209525665,0.011495800960837669,0.06405221054997842,0.317950912464424,0.017811237381431484,0.3195447816028168,0.02189332683928752,10,60.0,True,500+500,True,True
err,0.5,2,0.003160225277732742,0.9968397747222673,0.9952596620834009,0.40418804403268616,0.06878539445190128,0.008685661359217445,0.9913143386407826,0.002433782260585347,12414.723046880474,0.9221791329416439,0.03397794073098577,0.5602717349105811,0.016521085588229716,0.15035626382775819,0.7497769222539611,0.06672967756254639,0.6405423878750084,0.12291178885167649,13,60.0,True,500+500,True,False
err,1.0,2,0.003924975205118808,0.9960750247948812,0.994112537192322,0.4180608474797758,0.07357000499281854,0.0041492740873985134,0.9958507259126015,0.0011710087192185249,11760.504616419235,1.0898952079785669,0.003439793387224664,0.5311866043217596,0.01916036785418142,0.09675061198005487,0.4507650313798562,0.016944766075982227,0.6835897522630392,0.026630051077048647,13,60.0,False,500+500,True,False
err,3.0,2,0.017659025490793012,0.982340974509207,0.9735114617638106,0.4233151871464158,0.0649429164383674,0.0031201374727881648,0.9968798625272118,0.0039127517461186685,12344.168110117565,1.2296154116238058,0.04241295778985879,0.524445706292279,0.053917678106133904,0.1125879789118224,0.5258480233121577,0.05293960051605308,0.6493237459194057,0.074319253096203,11,60.0,False,500+500,True,False
dn,1.0,2,0.001467548962324372,0.9985324510376756,0.9977986765565134,0.6528921042659651,0.10409938406188257,0.6283085753171596,0.37169142468284044,0.0003436597607428758,10758.06819689885,0.16353321427309211,0.029104510050857804,0.33043572255857934,0.5543677122121783,0.5976759895640413,0.2941970134183239,0.8152177335755855,0.29500756861731653,0.6188388773627329,10,59.99879642621972,True,500+500,True,True
dn,3.0,2,0.0013852641569845892,0.9986147358430154,0.9979221037645233,0.6580980090374943,0.16922236352222556,0.8088243820553285,0.19117561794467153,0.0002700209948744311,9791.955128859747,0.14589749097819013,0.035262923018875306,0.3102982963954777,0.5955189662889897,0.6504473810716569,0.31339839673552833,1.6402351678730853,0.3645185293530299,1.241439464319931,11,60.0,True,500+500,True,True
dn,6.0,2,0.002027819239479811,0.9979721807605202,0.9969582711407803,0.6995348793329763,0.1681860367241693,0.9633956353153506,0.03660436468464945,8.385453643427256e-05,10451.590719218791,0.1105854828576354,0.009594283409776331,0.2848527080538113,0.889615581544006,0.8594389644142761,0.29566427100246256,1.7084621036463599,0.30812641936557017,1.386959728659595,10,60.0,True,500+500,True,True
dn,10.0,2,0.0014104914268816549,0.9985895085731183,0.9978842628596777,0.6972870644619173,0.074568298787465,0.520578705595534,0.479421294404466,9.403959535627746e-05,8404.28666917905,0.27266861748018506,0.011144496552334125,0.2895031703429204,0.5027876325125046,0.5186127120878428,0.21198659454131036,0.35646719659433335,0.23220482447938978,0.355184732653815,9,59.99759727347877,True,500+500,False,True
dn,15.0,2,0.666666884971606,0.333333115028394,-3.2745740877193613e-07,0.9970446862278871,0.2698525296733379,0.667226193685589,0.332773806314411,3.947766680734744e-12,94.10340100529454,2.237671071281134e-06,8.31012664578614e-08,0.002562385370263983,0.0016283187667729404,0.0010778462322216201,2.2700844662589205e-06,2.9197404841773552e-06,0.026911121343677666,0.06085952078865635,4,59.482369641873234,False,500+500,True,True
dn,30.0,2,0.6666669817808692,0.33333301821913075,-4.7267130368067173e-07,0.9970390663538475,0.28939271788740045,0.6672235381602376,0.3327764618397624,1.1987707780455456e-11,100.58449032008616,3.3993852869203934e-06,5.3615164181654884e-08,0.002708838780772136,0.001619249006661309,0.0010410629761513329,3.2279285133886463e-06,6.220265932278224e-06,0.02057498984264529,0.05094321524509129,4,59.51614994720036,False,500+500,True,True
control,0.0,4,0.001325640877870904,0.9986743591221291,0.9980115386831938,0.6243346193201533,0.09606876990774632,0.8188748875535904,0.1811251124464096,0.0012920564457446233,8343.715761382748,0.1588056359861829,0.012617081757214628,0.3289179557070935,0.6314599398672037,0.6585398261697476,0.5465600907544121,1.7878253547294258,0.48312928897038615,1.441599020533858,10,60.0,True,,,
err,0.01,4,0.0010947975680227762,0.9989052024319772,0.998357803647966,0.6188542472666644,0.08607179336310038,0.8215632970086503,0.17843670299134973,0.002323957786755275,8296.335756288368,0.19673744960912656,0.007188648290669025,0.3524092994829129,0.747945872009097,0.6831634135882519,0.4207355575732523,1.2672093664116977,0.39978833191708396,0.8209797271930974,9,60.0,True,500+500,False,True
err,0.1,4,0.0016769477640757868,0.9983230522359242,0.9974845783538865,0.5306030292746585,0.08855203344424305,0.057116689273218335,0.9428833107267817,0.0024915852813553476,7616.587315583051,0.5597865582743835,0.038101569870975224,0.42714007070531756,0.05418604175829086,0.1343786714446558,0.47088532171359665,0.181647036382596,0.49694284927270777,0.1792144679265435,11,60.0,True,500+500,True,False
err,0.3,4,0.0012082418751598878,0.9987917581248401,0.9981876371872603,0.5444131243578453,0.07702131731030513,0.00726929617363592,0.9927307038263641,0.0063116561671924315,10149.427540686167,0.29432364191982074,0.025681610854427175,0.4028639431324864,0.010750021684332941,0.1279737166173036,0.3653816486554034,0.052764494636787014,0.5237469281154237,0.10380431411275709,12,59.9693593488121,True,500+500,True,False
err,0.5,4,0.003144566440037022,0.996855433559963,0.9952831503399446,0.5976613393266357,0.09055942054842203,0.004788924720893761,0.9952110752791062,0.008823299441313789,11386.777256183756,0.6210115857974668,0.00738819149963103,0.35593017960369144,0.01489366535041553,0.09770936447846727,0.44667160417168694,0.028319252184110345,0.4213363992898644,0.055227304377766157,9,59.99911685200553,True,500+500,True,True
err,1.0,4,0.0017332897989893459,0.9982667102010107,0.9974000653015161,0.5287429432345293,0.083799796440386,0.002163839148603075,0.9978361608513969,0.0025781809631196906,11246.252630181962,0.5599899831161838,0.013419521734771352,0.4199278330269355,0.010462349820045272,0.09956644366989538,0.4517957948863939,0.019003541392776532,0.5394784304223398,0.10256819430918335,11,60.0,True,500+500,True,False
err,3.0,4,0.0032418329938121992,0.9967581670061878,0.9951372505092817,0.49482610635360325,0.09168491083623682,0.0005038754135154866,0.9994961245864845,0.011543272819867716,7565.735701095029,0.7481354953187328,0.013679561972091416,0.4788817493255449,0.011175605172366135,0.1250566666150429,0.3246558388612954,0.007350308939799528,0.3961041234701549,0.07426850909856586,11,60.0,True,500+500,True,False
dn,1.0,4,0.0008894747403963565,0.9991105252596036,0.9986657878894056,0.6324767345618917,0.10097289097913102,0.8102865508118259,0.18971344918817412,0.00015631122788115716,8763.22685208908,0.100338040051655,0.005835666428180383,0.3204428381645904,0.6000336324351965,0.647733904591324,0.5444871541450015,1.7529950456246748,0.49159446003915097,1.5062183312660853,10,60.0,True,500+500,True,True
dn,3.0,4,0.001332608695719828,0.9986673913042802,0.9980010869564204,0.6737819875588059,0.09441840131671446,0.18297191281129932,0.8170280871887007,0.00022235962248949638,7963.27504531252,0.20376130356474342,0.005582224620300078,0.30542954802168537,0.1595589542175552,0.18111049285831815,0.24600871048047057,0.28277016825833556,0.30268328817440404,0.28201304803220145,10,60.0,True,500+500,False,True
dn,6.0,4,0.00048365359047763956,0.9995163464095224,0.9992745196142837,0.6377693747628397,0.09426178801199436,0.26950883802253556,0.7304911619774644,0.00012499187191886436,8888.286479454302,0.17335197668129645,0.016585780311632544,0.3304303769623878,0.254446966704963,0.25467780040603916,0.4194955030737761,0.19565484124084193,0.3921508276376464,0.21146320739895233,8,59.94735347234123,True,500+500,False,True
dn,10.0,4,0.0009651656834486211,0.9990348343165514,0.9985522514748271,0.5788368374534715,0.0874856347168695,0.8351338431069912,0.16486615689300876,2.0342937142862043e-05,8717.540291878118,0.19336719942182953,0.011619772944051433,0.38214329658575386,0.5943256466367812,0.6944427543983531,0.5931937204460076,1.7601911221634647,0.49197765914902297,1.4978660369705936,10,59.98241305940286,True,500+500,False,True
dn,15.0,4,0.0007689730687157059,0.9992310269312843,0.9988465403969264,0.6580875043465629,0.07650675188478602,0.7235448651377296,0.27645513486227036,3.2432819079265314e-05,8340.223592847251,0.13256260458529173,0.007053075720255572,0.311157177815045,0.6467342854877185,0.6015171306174415,0.24862439407518153,0.9437436173394076,0.37782268145230286,0.8822396616072962,10,59.98796867515161,True,500+500,True,True
dn,30.0,4,0.0012719292730339893,0.998728070726966,0.9980921060904492,0.6407816676013287,0.08208980898536879,0.7511823089272787,0.24881769107272134,1.3659876965005825e-05,9497.14218744093,0.16584230101335343,0.06364003709162734,0.30946160663240435,0.6298400769838376,0.6574864634986756,0.3064916657760459,0.8503775348998512,0.4703170234359766,1.1031051350820797,11,60.0,True,500+500,False,True
control,0.0,5,0.002375596874568564,0.9976244031254314,0.9964366046881473,0.6417307842391429,0.16345802294025222,0.8808481092667602,0.11915189073323984,0.0012493273628342743,7876.017420392722,0.17328965748682823,0.006082948630047633,0.33334798916266956,0.8066952667876365,0.7813450978268655,0.48747016855742714,1.5811320729031342,0.3606024328892159,0.9749275930268899,11,60.0,True,,,
err,0.01,5,0.001258307823766014,0.998741692176234,0.998112538264351,0.6057922907241995,0.11195654750681422,0.7669240611383349,0.2330759388616651,0.0009106742340825123,8431.264341100581,0.16789465883779506,0.006236660827843555,0.3702352433286299,0.6939987855791737,0.7126161837147214,0.4547001290966547,1.178102294333154,0.3732028295523384,0.9549244667451251,10,59.98031848644412,True,500+500,True,True
err,0.1,5,0.0012108951640925625,0.9987891048359074,0.9981836572538612,0.6284308816718623,0.08935305700817105,0.03296053136979804,0.967039468630202,0.003717161363157103,9921.543990764816,0.39220269261727175,0.0013784065609562996,0.3328464816290282,0.03339835226355505,0.1467701865808898,0.36582201666593134,0.11988836657312336,0.412414183575183,0.09928893314134007,10,60.0,True,500+500,True,True
err,0.3,5,0.6666668587205524,0.3333331412794476,-2.8808082844222755e-07,0.9968796040311645,0.21435782232811704,0.6666684431176519,0.33333155688234806,4.4404518469873585e-13,175.4122990025157,9.238674334782173e-07,2.1378857991639586e-08,0.0028062422309034466,5.896566657836999e-06,0.0005840295768391676,1.18025095762509e-06,1.6166149774957766e-06,0.024427892724027834,0.05518428248624603,4,59.713115461919884,False,500+500,True,True
err,0.5,5,0.6666669723916896,0.3333330276083104,-4.585875341966971e-07,0.9969308189299878,0.12278743727498907,0.6666674055650861,0.3333325944349139,2.0473271205903602e-12,409.77552390401644,1.617149677995156e-06,5.672143938533716e-07,0.002724693920491656,3.7461812340729614e-06,0.0005690024561053656,1.5884670211716665e-06,2.8640266897494448e-06,0.025552154582959036,0.05822273559312666,4,59.928587658615186,False,500+500,True,True
err,1.0,5,0.0013884434317743555,0.9986115565682256,0.9979173348523385,0.5777806508281735,0.09432041728271062,0.0018364770916559081,0.9981635229083441,0.0008442466290330059,6988.642436876204,0.402778485348139,0.00649815618375716,0.3650035634315148,0.005279020540401562,0.1624021525075447,0.5332162642943764,0.04859884193783685,0.494270050568884,0.04900071490742618,10,60.0,True,500+500,True,False
err,3.0,5,0.007327257508694007,0.992672742491306,0.989009113736959,0.5498978209382136,0.09137070907071065,0.0015607403005747367,0.9984392596994253,0.0022817927589662197,11802.395098911527,0.3238096926612075,0.014679572995799665,0.41737799754053106,0.026988669241989432,0.12412239844370361,0.44496578558009375,0.012257765395852636,0.4415390030534447,0.02837368981999837,10,59.98505640137938,False,500+500,True,False
dn,1.0,5,0.0011176086181801104,0.9988823913818199,0.9983235870727298,0.6648902588800795,0.1187142959012583,0.7911348177721077,0.2088651822278923,0.0007962565167482744,8752.338925968827,0.17854293886822964,0.010700349188363037,0.3140147143359376,0.6881156983927036,0.6761709581622624,0.3769908449722985,1.6191578943948055,0.3270410912438855,1.1404940467723563,9,60.0,True,500+500,False,True
dn,3.0,5,0.0015230243545850675,0.9984769756454149,0.9977154634681226,0.6701811529639534,0.10241750095813486,0.8166919585796596,0.1833080414203404,0.00014656149201634368,8137.059721544112,0.18822524542875874,0.010050873099381259,0.31040054653012883,0.7026286181812814,0.6917778757894217,0.35124688653755726,1.6875568314524831,0.29106365932405975,1.0939224472118094,10,60.0,True,500+500,False,True
dn,6.0,5,0.0008403764636821798,0.9991596235363178,0.9987394353044767,0.6256987886978446,0.14613691823573377,0.844405521425273,0.15559447857472697,9.892918645055174e-05,7256.369020356518,0.1423013612826024,0.007650609260965032,0.33187863337873136,0.7492234948387688,0.7014319141548757,0.6431910310320349,1.7159016968239937,0.49490092593072904,1.3184974684228958,8,60.0,True,500+500,True,True
dn,10.0,5,0.0006560525492219638,0.999343947450778,0.9990159211761672,0.6464749209381087,0.13131290614700217,0.8147576373702986,0.1852423626297014,5.935072495705258e-05,8135.463036066309,0.2077639264747711,0.03165229820750981,0.31264797750679274,0.7037731219228632,0.6789348381113073,0.6088000675793798,1.6732743064729727,0.47324165071512664,1.262469941883953,8,60.0,True,500+500,False,True
dn,15.0,5,0.0006008854301033928,0.9993991145698966,0.9990986718548449,0.6749449442659761,0.12799436079986767,0.42122829406698403,0.578771705933016,3.3336901466330735e-05,6285.316127346266,0.2568404573125866,0.009158477319062676,0.2847256794105134,0.39415671342833614,0.4787574126102819,0.4423046199704236,0.4380107535364238,0.40131318863938287,0.43847147309632706,8,60.0,True,500+500,False,True
dn,30.0,5,0.0012866924943094604,0.9987133075056905,0.998069961258536,0.6149229442241794,0.09965804796772493,0.7496282504063794,0.25037174959362063,2.427550077534979e-05,7034.544017107213,0.23040668485991125,0.0024369872980267533,0.3456929953736084,0.6182938087172798,0.6054018857756445,0.36924691991592795,0.8520321143591567,0.4305747370583451,1.1357487877003716,9,60.0,True,500+500,False,True
control,0.0,6,0.0020400907262169143,0.9979599092737831,0.9969398639106748,0.7070850375543098,0.10240581437549336,0.6010970633628054,0.39890293663719456,0.0017150330133219734,9755.662423895286,0.2886073356905121,0.05078595979883389,0.27916880565955576,0.5491690737603828,0.5842744124830942,0.16962475808888192,0.4270893571327629,0.23539338054801637,0.6303554005495169,10,60.0,True,,,
err,0.01,6,0.001438983994461851,0.9985610160055381,0.9978415240083074,0.7131234873274924,0.08759272351404816,0.5006038491795335,0.4993961508204665,0.001199303079382881,10657.29355519655,0.2166552892611672,0.04581748531624248,0.27265643691028507,0.45291338364883454,0.4931919575107192,0.2241107970011977,0.47765270292706075,0.23005834659352162,0.5317632200500756,9,60.0,True,500+500,True,True
err,0.1,6,0.002056722463820937,0.9979432775361791,0.9969149163042688,0.585948873104687,0.08303583494387227,0.076139391394487,0.923860608605513,0.0027778504888837257,10447.241680638366,0.39028571195473005,0.03927899402424711,0.3811806129508631,0.0771397552183588,0.22471404151357963,0.2574759594103919,0.23505364477015744,0.40497557511268006,0.2273481347299449,10,60.0,True,500+500,True,False
err,0.3,6,0.0012025034569926873,0.9987974965430073,0.998196244814511,0.6866237984560638,0.08902568473708701,0.009020008546792968,0.990979991453207,0.0015479853228256436,11283.719003938422,0.27067058785548387,0.005027753330151629,0.28402821865154837,0.011341241871105264,0.10839211038808454,0.29893525607393495,0.05038971063266293,0.32154295585982223,0.05134973519821714,9,60.0,True,500+500,True,True
err,0.5,6,0.0025445438534622555,0.9974554561465377,0.9961831842198068,0.6258690863435584,0.08383365980599511,0.006995889841955871,0.9930041101580441,0.0028985991766283135,9143.831677474805,0.6275325830717845,0.003804492603177704,0.32892158490032514,0.014409259891783452,0.14161142208749852,0.3096143026016907,0.023008160968125413,0.4185097776664027,0.01728690840986663,10,60.0,True,500+500,True,False
err,1.0,6,0.0037366984704668704,0.9962633015295331,0.9943949522942999,0.5918289016493639,0.08412144034290488,0.002963712159399612,0.9970362878406004,0.0009414680415127548,9046.224174732748,0.4819031309125642,0.004770131971829356,0.3524203504944002,0.015996342799285634,0.17200964274309127,0.27177805208230443,0.010102168458054605,0.46565264942144585,0.026837000809322203,11,59.999982300526135,True,500+500,True,False
err,3.0,6,0.003848110380060832,0.9961518896199392,0.9942278344299089,0.44503309389243584,0.07127476570048964,0.0009600474529548597,0.9990399525470451,0.0013660032621657407,9133.421466619657,0.7706693058475944,0.008814583113324977,0.4977407813223507,0.013427757527670245,0.17438946553142814,0.43753011343238873,0.061037461243704454,0.5783089946565916,0.05480717407017003,11,59.997728486499966,True,500+500,True,False
dn,1.0,6,0.0014060379496673159,0.9985939620503327,0.9978909430754992,0.6845783036395777,0.12514227550794935,0.8186255661837931,0.18137443381620688,0.0004903586646676984,11426.249197604835,0.15872941643398064,0.029962126322604393,0.2916125181811055,0.7083267325622596,0.7038701738404693,0.13988186741413874,0.6314065591091347,0.3037542278464327,1.107664452662736,10,60.0,True,500+500,True,True
dn,3.0,6,0.0014306967905910462,0.998569303209409,0.9978539548141134,0.697264515174458,0.12518671352498112,0.8348254824034143,0.16517451759658575,0.00020286825798084937,10593.222759949296,0.336331927466943,0.028598788532532796,0.2648135922294897,0.6556039709710049,0.6746013598987255,0.4403983209429717,1.7919432413357044,0.3694519787133695,1.2746102254221847,10,59.99905228971498,True,500+500,False,True
dn,6.0,6,0.0010500203799473917,0.9989499796200526,0.9984249694300791,0.6682256369197516,0.07862781569404581,0.3612705910358932,0.6387294089641068,7.112389620991953e-05,10479.650365250123,0.09701946623124116,0.022575013808837384,0.30212250057299916,0.3279742102658365,0.3911095020311318,0.4191685379502429,0.26155229696520443,0.3378767468032563,0.41507172753147764,9,60.0,True,500+500,True,True
dn,10.0,6,0.002538818560097078,0.9974611814399029,0.9961917721598545,0.6894934486483771,0.0902876941316995,0.7999250543254877,0.20007494567451234,7.963311726859817e-05,11928.990534568944,0.18812762670700867,0.03112004619444696,0.29446060215548653,0.7296546407622676,0.7155947667079696,0.2674325283883073,0.8153944721883749,0.2704406466004145,0.7713768883249555,9,60.0,True,500+500,True,True
dn,15.0,6,0.001556336989472773,0.9984436630105272,0.997665494515791,0.689391855522204,0.09970555203179665,0.8061304301442688,0.19386956985573123,2.1073911968457558e-05,10567.438234749461,0.14638798716230875,0.018815302849809118,0.29451241170489306,0.7274099918348225,0.7512047768651018,0.2504377704073714,1.0242836648848719,0.29560361256589096,0.9714178387788925,10,60.0,True,500+500,True,True
dn,30.0,6,0.00104721478877845,0.9989527852112216,0.9984291778168325,0.6696673196595504,0.10160862830680499,0.6265093729640439,0.37349062703595615,1.7322971452285027e-05,11484.65004313325,0.14740365956011614,0.017588926341842958,0.31782504238085224,0.5961065917239852,0.5887847431458614,0.27415300467386555,0.2898924065738318,0.23778188383703538,0.35478790418006945,9,59.99805767641289,True,500+500,True,True
control,0.0,8,0.0016313072815586915,0.9983686927184413,0.9975530390776621,0.6516727667223372,0.12500122555277648,0.805355012446625,0.194644987553375,0.006540036520934815,8982.721986561322,0.45074945820862106,0.013311154391328116,0.3232708739974964,0.6741101925533339,0.6670399346624233,0.3907526512233899,1.5808796451348082,0.3245174290747851,0.9793650453399729,10,60.0,True,,,
err,0.01,8,0.0012641061331182257,0.9987358938668818,0.9981038408003227,0.6466289802987786,0.11592478381383187,0.6601554744670548,0.3398445255329452,0.007615426778319146,8859.208724620852,0.45188837715433494,0.008926269507046147,0.3265817257402644,0.5700966381580499,0.562623779613916,0.36029325025246733,0.9568975670036753,0.34993462415780413,0.6542000979447126,10,60.0,True,500+500,True,True
err,0.1,8,0.0012113774056224935,0.9987886225943775,0.9981829338915664,0.6298949646775482,0.10473992884020801,0.06216910870957937,0.9378308912904206,0.0037025059756854205,10815.480110325723,0.49455396255213596,0.004469573532313962,0.3193414970798134,0.053933897112932894,0.10331871640960395,0.4181795004670906,0.20886810589626742,0.4683624693369415,0.19027977357079287,10,60.0,True,500+500,True,True
err,0.3,8,0.0032529047512328546,0.9967470952487671,0.9951206428731507,0.6558011626496794,0.07795600452684427,0.018883973465355086,0.9811160265346449,0.004346909689988392,9346.351283406617,0.48107440198326645,0.020244671913018826,0.3359940644820781,0.023549572058173318,0.1545110432836906,0.17774602064136522,0.05679289883453076,0.1746827248325865,0.04772348526353829,9,60.0,True,500+500,True,True
err,0.5,8,0.001286034974449013,0.998713965025551,0.9980709475383265,0.5472962331128334,0.07442761602752157,0.004674842779048283,0.9953251572209517,0.0025946923080936843,9502.809724190061,0.5679925799732471,0.03421495367095453,0.42045190137158867,0.007006840284168425,0.19100881580262302,0.36195271091820497,0.04029179005292437,0.47103518658952936,0.06356921635530799,10,59.99683404529616,True,500+500,True,False
err,1.0,8,0.0023976773122723616,0.9976023226877276,0.9964034840315916,0.4520489637704783,0.06717984575386665,0.0025022460243029343,0.9974977539756971,0.00611812618819333,12409.635367838324,0.6217765223483925,0.04177824123263834,0.49881464361270733,0.01310139307598692,0.21192781359242058,0.6093324704608697,0.06070310882103722,0.5909488759172438,0.05229123027083599,11,60.0,True,500+500,True,False
err,3.0,8,0.003570333337290399,0.9964296666627096,0.9946444999940646,0.4839413040954901,0.06796754562212164,0.0007856666186493166,0.9992143333813507,0.005405674698574583,12582.73918288889,0.4335507222032565,0.004989244780611598,0.4723875503929609,0.013068260628223027,0.12167288240695504,0.3905075704926398,0.022808856115310285,0.6092215337404141,0.032827085781739096,12,60.0,True,500+500,True,False
dn,1.0,8,0.0014473960311475187,0.9985526039688525,0.9978289059532789,0.6497280305683283,0.19474419220211706,0.8143156001324603,0.1856843998675397,0.0006158966358576966,10537.48863028294,0.16934210181464102,0.018907277271889417,0.31580761257035805,0.6390716782434297,0.6447827677411051,0.4272820036175863,1.6821883679350766,0.4255175512007536,1.2400432206849628,10,60.0,True,500+500,True,True
dn,3.0,8,0.0015587585524038383,0.9984412414475962,0.9976618621713944,0.6480137614061716,0.17337987834025037,0.8074274662850013,0.19257253371499872,0.0001736811769665487,10716.331685088673,0.14770707825893956,0.02063033426370725,0.31972263215694197,0.6295220672446149,0.6438759217415694,0.37884550750210716,1.6097147370163054,0.4025388720088082,1.2196388656932027,10,60.0,True,500+500,True,True
dn,6.0,8,0.0013875789006040362,0.998612421099396,0.9979186316490941,0.6411565599164886,0.1751953625417391,0.8182855680955237,0.18171443190447634,8.151286072651594e-05,9880.45630157763,0.1298738862116425,0.022621014284836406,0.3268621290482098,0.6569673216394746,0.6672762858301674,0.3602929039076494,1.6260953386203425,0.40620068941519083,1.2648193518782367,10,60.0,True,500+500,True,True
dn,10.0,8,0.0014908937841379144,0.9985091062158621,0.9977636593237933,0.6506605014473724,0.13321694775850618,0.6542677364739351,0.3457322635260649,8.708268197394683e-05,9416.19437449917,0.15094447538047295,0.032374737850766354,0.3174843295141238,0.5807699902942581,0.5845559058787203,0.3596259078758005,0.7029704727359277,0.3894765161814106,0.6914940587087074,10,60.0,True,500+500,True,True
dn,15.0,8,0.0022724981342489015,0.9977275018657511,0.9965912527986268,0.6297253269652723,0.10574687515994587,0.7876191332822546,0.21238086671774536,4.0238194312718486e-05,9901.38301311569,0.14561200115326478,0.017843667078875018,0.33710444053952665,0.672611766010392,0.6793711910464575,0.4056550026127663,1.4997251891284873,0.41713414678637306,1.0839383377035983,9,60.0,True,500+500,True,True
dn,30.0,8,0.0016244809869500054,0.99837551901305,0.9975632785195752,0.632974029483513,0.10147205627523807,0.7103197619705416,0.2896802380294584,1.1505475850631736e-05,9630.470672738476,0.0817459677988124,0.032442074637640025,0.3437733119585126,0.6652724112775551,0.6627018265180143,0.17908444781496757,0.38349266310724145,0.31734878370894876,0.569859039745114,10,60.0,True,500+500,True,True
