run,stage,w_err,w_dn,w_smooth,F1,F1_train_minus_rescore,progress,heldout_spread,F_ET,c3,F_err_T,c5,c6,L_mean,L_tail,L_T,dqec_mean,dqec_tail,dnbar_abs_mean,dnbar_abs_tail,eta0_mean,eta0_tail,eta_avg_mean,eta_avg_tail,max_active_fock,max_abs_preimage,oob_max
baseline,stage1,0.0,0.0,0.0,0.9442551937708878,6.328271240363392e-15,0.9163827906563318,4.024276155312201e-06,0.7818439464320812,0.009875573752028558,0.3664540465467756,0.009635399691015747,13940.450529019123,0.2073468357224855,0.4574750366733954,0.4779442613872311,0.42447868396655924,0.29113411914896276,0.06687598775812705,0.11719096377136745,0.15896463356796614,0.6483474760201637,0.17776465315940917,0.5312441198501952,10,60.0,
baseline,final,0.0,0.0,0.0,0.9991021432038502,4.218847493575595e-15,0.9986532148057754,0.00011927352074181385,0.7441650196095314,0.14345033972777246,0.5378675687010551,0.00703008585813998,12596.371030596529,0.24445998982159658,0.4076770466368322,0.3976379162065806,0.3559096778091592,0.0346229876364131,0.05143610004390767,0.004812113269081467,0.13758482749284826,0.44945457527492766,0.18344996995361013,0.480260743788961,11,60.0,0.0023418634522849647
est_err,stage1,0.3,0.0,0.0,0.9743856320491587,4.773959005888173e-15,0.9615784480737383,1.2980423731434598e-06,0.7387338233912748,0.010467910609218013,0.9321790228274832,0.00033610185626061596,12168.911520875658,0.24625220528863806,0.1978267041319591,0.11754922151075191,0.1378769067807207,0.049030876094294094,0.013951491011970608,0.014900979338227956,0.22169749598793337,0.07734261738675079,0.2228352038340059,0.085121632033201,9,60.0,
est_err,final,0.3,0.0,0.0,0.9994985560969861,-3.3306690738754696e-15,0.9992478341454794,1.57391726096634e-07,0.7495892004646804,0.11561596230711069,0.9963081469532288,0.0007517566602721111,11058.767784779122,0.23066027736369663,0.047935433694784646,0.00489421851258635,0.21731131816282517,0.0036128249202704854,0.02014643135617207,0.006585086558085906,0.22128409625634132,0.045497739466957024,0.23983678795259183,0.03829855856434752,9,60.0,0.00432694706176959
est_dn,stage1,0.0,3.0,0.0,0.9600915909237654,-1.5543122344752192e-15,0.9401373863856483,1.685589343658478e-07,0.7545519220781193,0.01116872234880112,0.21711298329052164,0.0010381023264358221,11952.020259814693,0.22165506347022051,0.6103648732087285,0.583511529548088,0.13431201250323793,0.11232708696462795,0.022059880411055756,0.04711595905515144,0.29730137117578875,1.6113581428955217,0.27995075054184687,1.109975421289078,9,60.0,
est_dn,final,0.0,3.0,0.0,0.9991467629197408,6.661338147750939e-15,0.9987201443796112,9.957074540434263e-06,0.7302022274584529,0.14170574940306468,0.26027962495209,0.00021238109484391526,11850.2713443112,0.22991302084466178,0.5299348395322867,0.48259711477444994,0.1655762879876814,0.042717947159889705,0.010231261863148199,0.00415230524653827,0.41192615641532704,1.6801954040403349,0.3427914322129417,1.2258278124053932,10,60.0,0.0020025037159077
est_err_dn,stage1,0.3,3.0,0.0,0.9774930048100873,6.439293542825908e-15,0.9662395072151311,0.00011656819612704261,0.7039293384367075,0.009433332979533962,0.9269284826382634,0.0005165495574530716,11518.603555331747,0.26203750663562503,0.21079700103005142,0.09616414198899582,0.3094965154237243,0.019207459393376997,0.014418850016756978,0.002813123559960775,0.26215005862402974,0.17991181756437924,0.3734298449687198,0.13948329007947624,9,60.0,
est_err_dn,final,0.3,3.0,0.0,0.9988207741815205,5.218048215738236e-15,0.9982311612722807,0.0011435968774760052,0.6930155005720676,0.0987235091456441,0.9930057384753163,0.00017309451367629558,9793.880116453358,0.2735463300438672,0.08165505668013608,0.011437607559232066,0.5201288292030741,0.001221150017174203,0.00961773104381259,0.0027840890368889992,0.2918993192910574,0.03781392073976576,0.3599763426736373,0.04622514403011811,12,59.97860735361625,0.0031429671036733273
est_all,stage1,0.3,3.0,5e-06,0.9721427840966926,-9.658940314238862e-15,0.9582141761450391,1.2162124312098399e-05,0.7123279592267823,0.008599677707424341,0.91392234804573,0.0003541582992716893,3368.113286582309,0.2545652175019186,0.19503794187442647,0.12106623021237183,0.31128732242249163,0.02555363301233532,0.013375860314944914,0.007061218589077346,0.2693619270626626,0.1319512159318599,0.3584012773578282,0.11152602116718557,10,60.0,
est_all,final,0.3,3.0,5e-06,0.9984767566639073,5.10702591327572e-15,0.9977151349958612,6.547681894009116e-06,0.6706422880162735,0.1270123097416084,0.9928909412513565,0.0002419970302845441,1116.1835290681072,0.29653636866464345,0.14812356986415046,0.008639904671389994,0.4788836327648027,0.006739943824475017,0.010439954391749289,0.002826740576557551,0.3172411526158297,0.04690957365335735,0.3556917387250892,0.06343317385954964,9,60.0,0.0002706038727949189
