F_pedersen_trained_mean,F_pedersen_heldout_mean,F_pedersen_heldout_min,L1_trained_mean,L1_heldout_mean,gate,method,pulse_path,wall_clock_s,iterations,final_fidelity
0.9969027891305348,0.996891455848748,0.9968485455835637,0.0030967219431789297,0.0031080476626703215,enc,main,/Users/ziyi_dong_mac/Documents/GitHub/Qubit-Drive-GRAPE/pulses/u_enc_main.npy,,,
0.9993926569915539,0.9993841715267365,0.9993516529973626,0.000607093636881865,0.0006155821916659532,enc,coh_fresh,/Users/ziyi_dong_mac/Documents/GitHub/Qubit-Drive-GRAPE/pulses/u_enc_coh_fresh.npy,817.7942847910001,1500.0,0.9993925617474899
0.9978651532356384,0.9978521767618457,0.9978002911081575,0.0021342365487512227,0.0021472243732333363,enc,pedersen,/Users/ziyi_dong_mac/Documents/GitHub/Qubit-Drive-GRAPE/pulses/u_enc_pedersen.npy,865.350657291,1500.0,0.9978652884230921
0.9979969669058381,0.9979754826970793,0.9979010608071434,0.002001646416222728,0.002023126972168288,dec,main,/Users/ziyi_dong_mac/Documents/GitHub/Qubit-Drive-GRAPE/pulses/u_dec_main.npy,,,
0.998068336957603,0.9980782524592227,0.9980685380112365,0.0019312423209470648,0.0019213155825980044,dec,coh_fresh,/Users/ziyi_dong_mac/Documents/GitHub/Qubit-Drive-GRAPE/pulses/u_dec_coh_fresh.npy,833.9907938750002,1500.0,0.9980683345482024
0.9986955286595208,0.9984071818866381,0.9974013318778341,0.0013041656085162427,0.0015924618719280082,dec,pedersen,/Users/ziyi_dong_mac/Documents/GitHub/Qubit-Drive-GRAPE/pulses/u_dec_pedersen.npy,822.5360860000001,1500.0,0.9987006245099361
0.9973719096393409,0.9965527960878496,0.9939273043264572,0.00261794765610975,0.0034354925923455017,X,main,/Users/ziyi_dong_mac/Documents/GitHub/Qubit-Drive-GRAPE/pulses/u_X_main.npy,,,
0.9976494778427996,0.996942994395055,0.9946146580597489,0.002347331565282218,0.003052989254572691,X,coh_fresh,/Users/ziyi_dong_mac/Documents/GitHub/Qubit-Drive-GRAPE/pulses/u_X_coh_fresh.npy,819.227727375,1500.0,0.9976319075168323
0.9988606045173273,0.9987656059591364,0.998447157432229,0.001134757012881867,0.0012298858637501907,X,pedersen,/Users/ziyi_dong_mac/Documents/GitHub/Qubit-Drive-GRAPE/pulses/u_X_pedersen.npy,859.8982573330001,1500.0,0.9988608773797064
0.997641812946282,0.9973439831860211,0.9963681775823142,0.002354120456902494,0.0026519265454993278,Y,main,/Users/ziyi_dong_mac/Documents/GitHub/Qubit-Drive-GRAPE/pulses/u_Y_main.npy,,,
0.9959152224544595,0.9958299152152043,0.9954307391363075,0.0040798985113033774,0.004165057432287789,Y,coh_fresh,/Users/ziyi_dong_mac/Documents/GitHub/Qubit-Drive-GRAPE/pulses/u_Y_coh_fresh.npy,835.5106947500003,1500.0,0.9959144594525149
0.33294614949328477,0.33294615091946,0.3329461494931543,0.001161551520182232,0.0011615472416566242,Y,pedersen,/Users/ziyi_dong_mac/Documents/GitHub/Qubit-Drive-GRAPE/pulses/u_Y_pedersen.npy,828.2067052920002,1500.0,0.33294614949318624
0.9992392049130564,0.9992392051510761,0.9992392049102022,0.0007606573744138497,0.0007606571365362136,Z,main,/Users/ziyi_dong_mac/Documents/GitHub/Qubit-Drive-GRAPE/pulses/u_Z_main.npy,,,
0.9993828186028643,0.9993828188009838,0.9993828186001646,0.0006170893424046753,0.0006170891443557424,Z,coh_fresh,/Users/ziyi_dong_mac/Documents/GitHub/Qubit-Drive-GRAPE/pulses/u_Z_coh_fresh.npy,837.1211157080006,1500.0,0.9993827725727826
0.9994823582287632,0.9994823597710811,0.9994823582280734,0.000513930263682294,0.0005139287183249186,Z,pedersen,/Users/ziyi_dong_mac/Documents/GitHub/Qubit-Drive-GRAPE/pulses/u_Z_pedersen.npy,868.5314787500001,1500.0,0.9994823582280743
0.9983238497836462,0.9982843265404199,0.9981774293733469,0.001674179418473883,0.001713620208189881,H,main,/Users/ziyi_dong_mac/Documents/GitHub/Qubit-Drive-GRAPE/pulses/u_H_main.npy,,,
0.998153916823913,0.9981536637485295,0.9981527418192256,0.0018439865232861008,0.0018442394458498379,H,coh_fresh,/Users/ziyi_dong_mac/Documents/GitHub/Qubit-Drive-GRAPE/pulses/u_H_coh_fresh.npy,1060.6802591249998,1500.0,0.9981528702726765
0.9976779791960385,0.9976657061808296,0.9976170233456328,0.0022974148493420574,0.0023096697718422376,H,pedersen,/Users/ziyi_dong_mac/Documents/GitHub/Qubit-Drive-GRAPE/pulses/u_H_pedersen.npy,883.498490167,1500.0,0.9976774691038907
0.9997902206646039,0.9997902250184568,0.9997902206629533,0.00020915182104001376,0.00020914746634781434,T,main,/Users/ziyi_dong_mac/Documents/GitHub/Qubit-Drive-GRAPE/pulses/u_T_main.npy,,,
0.9997926112945205,0.9997926156794612,0.9997926112929315,0.00020702947638895353,0.00020702509077439313,T,coh_fresh,/Users/ziyi_dong_mac/Documents/GitHub/Qubit-Drive-GRAPE/pulses/u_T_coh_fresh.npy,828.4084092089997,1500.0,0.999792431678396
0.9997926665508753,0.9997926709374397,0.9997926665493053,0.0002064897119702739,0.0002064853244983178,T,pedersen,/Users/ziyi_dong_mac/Documents/GitHub/Qubit-Drive-GRAPE/pulses/u_T_pedersen.npy,830.739838208,1500.0,0.9997926665493025
0.9995242331478934,0.9995242376669605,0.9995242331471385,0.00047557839838748467,0.0004755738795255926,I,main,/Users/ziyi_dong_mac/Documents/GitHub/Qubit-Drive-GRAPE/pulses/u_I_main.npy,,,
0.9995291077928505,0.9995291123084442,0.9995291077921244,0.000470079591192792,0.00047007507564202913,I,coh_fresh,/Users/ziyi_dong_mac/Documents/GitHub/Qubit-Drive-GRAPE/pulses/u_I_coh_fresh.npy,898.8821189589999,1500.0,0.9995287014841225
0.9995691365210956,0.9995691410138436,0.9995691365203104,0.00043055353295758564,0.00043054904029573573,I,pedersen,/Users/ziyi_dong_mac/Documents/GitHub/Qubit-Drive-GRAPE/pulses/u_I_pedersen.npy,843.9411524169991,1500.0,0.9995691365203232
