gate,label,swept,multiplier,is_baseline,seed,maxiter,protocol,phase1_maxiter,phase2_maxiter,phase1_F_coh_train,lambda_deriv,lambda_boundary,lambda_amp,lambda_disc,amp_max,F_coh_train,iterations,converged,train_time_s,F_ped_heldout_mean,F_ped_heldout_min,F_ped_heldout_std,robustness_spread,F_ped_trained_mean,leakage_L1_mean,leakage_L1_max,overfit_gap,peak_amp,roughness,bandwidth_MHz,bandwidth_cav_MHz,bandwidth_tra_MHz,occ99_frac,occ99_frac_cav,occ99_frac_tra,binding_drive,occ99_MHz,occ99_cav_MHz,occ99_tra_MHz,occ99_cav_lo_MHz,occ99_cav_hi_MHz,occ99_tra_lo_MHz,occ99_tra_hi_MHz,band_limit_cav_MHz,band_limit_tra_MHz,sigma_f_MHz,sigma_f_cav_MHz,sigma_f_tra_MHz,centroid_cav_MHz,centroid_tra_MHz,n_bar_drive,config_hash,reused_pulse,cached
X,deriv=0_boundary=0_amp=8e-05_disc=0.5,derivxboundary,,False,42,2500,two_phase,1000,1500,0.9997716061823233,0.0,0.0,8e-05,0.5,40.0,0.9999460496174428,1500,False,1655.577053308487,0.999701248305186,0.9977488852425135,0.0006289705361920599,0.0021960697772224202,0.9999384786125545,0.00029865865523034685,0.0022502613336545796,0.0002372303073684412,26.972967979794362,3.3874854081901065,17.949326692677747,10.904227180366474,17.949326692677747,0.8402203856749311,0.8249158249158249,0.8402203856749311,tra,55.45454545454545,44.54545454545455,55.45454545454545,-25.454545454545453,19.09090909090909,-32.72727272727273,22.727272727272727,54.0,66.0,12.747144670988112,10.866303644578808,12.747144670988112,-0.9086338673284766,-12.63679672454112,5.759706802434422,c09666d894f348f4,False,True
X,deriv=0_boundary=0_amp=8e-05_disc=0.5,derivxboundary,,False,43,2500,two_phase,1000,1500,0.9998331670390757,0.0,0.0,8e-05,0.5,40.0,0.9999579231494997,1500,False,1668.0292210578918,0.9998434715322854,0.9988525566332509,0.00031590884088600606,0.0011063748356051617,0.99995860572308,0.00015646573325506734,0.0011467788978334337,0.00011513419079467457,30.292007412351943,2.3058510822212996,14.014389079274892,9.079297660310827,14.014389079274892,0.7988980716253443,0.7744107744107743,0.7988980716253443,tra,52.72727272727273,41.81818181818181,52.72727272727273,-25.454545454545453,16.363636363636363,-32.72727272727273,20.0,54.0,66.0,10.758816574576485,8.069128265746143,10.758816574576485,-4.162068600523339,-8.980588353772688,4.093249021774243,221394ef26b14c72,False,True
X,deriv=0_boundary=0_amp=8e-05_disc=0.5,derivxboundary,,False,44,2500,two_phase,1000,1500,0.9998685151910972,0.0,0.0,8e-05,0.5,40.0,0.9999597768954462,1500,False,1665.7704932689667,0.9997352406264014,0.9979419876757953,0.0005795887802993486,0.0020177999545749614,0.999956279016539,0.00026468126246327226,0.002057285212597737,0.00022103839013765114,29.543687503472192,2.7313220284059203,16.058589476545198,10.287617286029406,16.058589476545198,0.8953168044077136,0.8417508417508417,0.8953168044077136,tra,59.09090909090909,45.45454545454545,59.09090909090909,-22.727272727272727,22.727272727272727,-32.72727272727273,26.363636363636363,54.0,66.0,11.934127062831475,10.111223677399584,11.934127062831475,-1.8968988295122755,-10.744994519514728,4.897445086378637,0194799c5b3de97a,False,True
X,deriv=0_boundary=6e-06_amp=8e-05_disc=0.5,derivxboundary,,False,42,2500,two_phase,1000,1500,0.9997017389772532,0.0,6e-06,8e-05,0.5,40.0,0.9999269796691231,1500,False,1650.6558289527893,0.9996087383667116,0.9972092590335649,0.0007809461274528637,0.0027198892664150875,0.9999144128622026,0.0003910890446675787,0.0027892988552877807,0.0003056744954910151,31.10654062119326,3.3213611583916323,17.038728427843242,11.030421910842946,17.038728427843242,0.9504132231404958,0.9259259259259259,0.9504132231404958,tra,62.72727272727273,50.0,62.72727272727273,-25.454545454545453,24.545454545454543,-32.72727272727273,30.0,54.0,66.0,12.798926576772702,10.992508928737582,12.798926576772702,0.9137587114926422,-11.247477269155729,5.126470952213186,238edba4349b091c,False,True
X,deriv=0_boundary=6e-06_amp=8e-05_disc=0.5,derivxboundary,,False,43,2500,two_phase,1000,1500,0.9998178033577657,0.0,6e-06,8e-05,0.5,40.0,0.9999514164715717,1500,False,1656.4633190631866,0.9999209022787927,0.999629311777095,9.225639070683321e-05,0.0003223418066977679,0.9999507618129689,7.90873159038111e-05,0.0003706320448789713,2.9859534176224223e-05,37.914388620514224,2.9065657749450757,15.615192712889554,11.46068151268105,15.615192712889554,0.9090909090909092,0.9090909090909092,0.7162534435261708,cav,49.09090909090909,49.09090909090909,47.27272727272727,-26.363636363636363,22.727272727272727,-32.72727272727273,14.545454545454545,54.0,66.0,10.926826542853352,10.926826542853352,10.585091956966105,-3.457120541361656,-11.47998570222326,5.232445625443601,2504200fb43255a3,False,True
X,deriv=0_boundary=6e-06_amp=8e-05_disc=0.5,derivxboundary,,False,44,2500,two_phase,1000,1500,0.9997804448638016,0.0,6e-06,8e-05,0.5,40.0,0.9999593073120476,1500,False,1656.2840251922607,0.9995320954759273,0.99576840689114,0.0011967521051779732,0.004190906860395915,0.999956068794901,0.00046764192707682284,0.004228815025684951,0.0004239733189737027,28.724165609557712,2.96113785855668,15.889083972192447,11.492283483351665,15.889083972192447,0.9595959595959594,0.9595959595959594,0.7713498622589531,cav,51.81818181818181,51.81818181818181,50.90909090909091,-25.454545454545453,26.363636363636363,-32.72727272727273,18.18181818181818,54.0,66.0,11.512599085604643,11.478168075064563,11.512599085604643,-0.5694183894871525,-10.950938396754774,4.9913119401799335,9f417658a230632d,False,True
X,deriv=0_boundary=2e-05_amp=8e-05_disc=0.5,deriv,0.0,False,42,2500,two_phase,1000,1500,0.9996896219223638,0.0,2e-05,8e-05,0.5,40.0,0.9999270850951216,1500,False,1334.1615331172943,0.9995397489280141,0.996390259044149,0.0010096385333030243,0.003536362199431986,0.9999038173270338,0.00046021138418683716,0.003609411090799375,0.00036406839901970134,42.89509666564192,3.3675504907540885,17.118850441426684,10.007258366994858,17.118850441426684,0.9641873278236914,0.8080808080808082,0.9641873278236914,tra,63.63636363636363,43.63636363636364,63.63636363636363,-26.363636363636363,17.272727272727273,-32.72727272727273,30.909090909090907,54.0,66.0,12.458508418873965,9.994929713563163,12.458508418873965,0.49658840574540086,-11.740554007915517,5.351209666324301,7c7b26c267f51526,False,True
X,deriv=0_boundary=2e-05_amp=8e-05_disc=0.5,deriv,0.0,False,43,2500,two_phase,1000,1500,0.9997937876787568,0.0,2e-05,8e-05,0.5,40.0,0.9999515687648938,1500,False,1675.6407868862152,0.9998504019492835,0.9989794095633941,0.00027744868631124575,0.0009725080546680864,0.9999463836898921,0.00014952918775814415,0.001020113183859861,9.59817406085417e-05,35.61360728854249,2.6187785045262446,14.67579053902533,9.597966003347016,14.67579053902533,0.8815426997245179,0.8585858585858586,0.8815426997245179,tra,58.18181818181818,46.36363636363636,58.18181818181818,-26.363636363636363,20.0,-32.72727272727273,25.454545454545453,54.0,66.0,10.399722599253483,9.430110234643484,10.399722599253483,-1.7871688123614229,-10.354931086391728,4.719658653779274,74e02040066a9a72,False,True
X,deriv=0_boundary=2e-05_amp=8e-05_disc=0.5,deriv,0.0,False,44,2500,two_phase,1000,1500,0.9997857450188846,0.0,2e-05,8e-05,0.5,40.0,0.999950036494,1500,False,1650.777244091034,0.9997586070480744,0.9980865673639348,0.0005324203800018345,0.001863514172682712,0.9999479246548637,0.00024124530184087658,0.001912118251822359,0.00018931760678930765,35.280823102080845,2.791085441415698,16.19314673835447,9.423115693482565,16.19314673835447,0.9366391184573002,0.7912457912457912,0.9366391184573002,tra,61.81818181818181,42.72727272727273,61.81818181818181,-22.727272727272727,20.0,-32.72727272727273,29.09090909090909,54.0,66.0,12.021692260181403,9.152816315357637,12.021692260181403,-2.2407728287536095,-10.848820972408687,4.9447679910705045,b93ab0082fae0f07,False,True
X,deriv=3e-06_boundary=0_amp=8e-05_disc=0.5,derivxboundary,,False,42,2500,two_phase,1000,1500,0.9985196223732542,3e-06,0.0,8e-05,0.5,40.0,0.99903809158239,1500,False,1657.3259613513947,0.9972243456596889,0.9846939013673374,0.004179204680082844,0.014376795632142114,0.9989082327047056,0.0027719044778455075,0.01528670406078736,0.0016838870450167631,20.482932244278665,1.494246531946932,10.991653470409776,5.767795289471161,10.991653470409776,0.5371900826446281,0.4545454545454546,0.5371900826446281,tra,35.45454545454545,24.545454545454547,35.45454545454545,-13.636363636363637,10.909090909090908,-29.09090909090909,6.363636363636363,54.0,66.0,8.794189376874652,5.7365594107567865,8.794189376874652,-0.5994569443283377,-6.593836456664383,3.005394920995617,1ecc616d001e93ec,False,True
X,deriv=3e-06_boundary=0_amp=8e-05_disc=0.5,derivxboundary,,False,43,2500,two_phase,1000,1500,0.9993543079040125,3e-06,0.0,8e-05,0.5,40.0,0.9994787097503625,1500,False,1651.1402502059937,0.999112774445829,0.996054262056993,0.0009807769281681288,0.00343055552479532,0.9994890071249466,0.0008862992078909817,0.0039443012574837955,0.00037623267911757186,20.518773898739482,1.259542143503509,9.260939442357948,5.27259609547683,9.260939442357948,0.44077134986225897,0.35353535353535354,0.44077134986225897,tra,29.09090909090909,19.09090909090909,29.09090909090909,-10.909090909090908,8.181818181818182,-23.636363636363637,5.454545454545454,54.0,66.0,6.718969598798047,5.086604491534932,6.718969598798047,-1.388064959839478,-6.373417206291201,2.904930358382498,c3f46bec95505b3e,False,True
X,deriv=3e-06_boundary=0_amp=8e-05_disc=0.5,derivxboundary,,False,44,2500,two_phase,1000,1500,0.9991226495802525,3e-06,0.0,8e-05,0.5,40.0,0.9994685043638833,1500,False,1656.0261838436127,0.9991387053216093,0.9963795311092959,0.0008836351199802786,0.0030892749050532853,0.9994673027747807,0.000860633046713577,0.003618814704987039,0.00032859745317137534,19.369636894408224,1.2678482600093912,10.803950473798622,4.922827006678729,10.803950473798622,0.5922865013774103,0.42087542087542085,0.5922865013774103,tra,39.090909090909086,22.727272727272727,39.090909090909086,-11.818181818181818,10.909090909090908,-28.18181818181818,10.909090909090908,54.0,66.0,8.041651765135352,4.922719875863488,8.041651765135352,0.032477091372703715,-7.215066370352316,3.2885443802882026,35069515a150784e,False,True
X,deriv=3e-06_boundary=6e-06_amp=8e-05_disc=0.5,derivxboundary,,False,42,2500,two_phase,1000,1500,0.9983177998539488,3e-06,6e-06,8e-05,0.5,40.0,0.9993762213372948,1500,False,1656.9564898014069,0.9971273209168796,0.9813087467184465,0.005227439632506973,0.01806189327722396,0.9992333524257868,0.002864648277076352,0.018643536202249456,0.0021060315089072024,25.372586631599393,1.6096158822016078,9.991737969719031,5.536499355724862,9.991737969719031,0.509641873278237,0.4545454545454546,0.509641873278237,tra,33.63636363636364,24.545454545454547,33.63636363636364,-10.909090909090908,13.636363636363637,-27.272727272727273,6.363636363636363,54.0,66.0,8.500367171492323,5.421453114148758,8.500367171492323,1.1227961734119667,-5.251531738963459,2.39358784820577,d9247b0ace167dd0,False,True
X,deriv=3e-06_boundary=6e-06_amp=8e-05_disc=0.5,derivxboundary,,False,43,2500,two_phase,1000,1500,0.999080250532221,3e-06,6e-06,8e-05,0.5,40.0,0.999292341378804,1500,False,1666.8468701839447,0.9991398642204191,0.9976783560198862,0.00046351874362122086,0.001658044793307889,0.9993009816215727,0.0008594331702460701,0.0023200070371555137,0.00016111740115354323,21.92012341405141,1.3286130328763586,9.326060945657085,6.044242169013301,9.326060945657085,0.48821548821548816,0.48821548821548816,0.4820936639118457,cav,31.818181818181817,26.36363636363636,31.818181818181817,-10.909090909090908,15.454545454545453,-25.454545454545453,6.363636363636363,54.0,66.0,6.993757617354327,5.616270147010246,6.993757617354327,-2.233914285168551,-6.169502990663727,2.8119886010317807,e8c53d0699d9cc6f,False,True
X,deriv=3e-06_boundary=6e-06_amp=8e-05_disc=0.5,derivxboundary,,False,44,2500,two_phase,1000,1500,0.9988540646187732,3e-06,6e-06,8e-05,0.5,40.0,0.9992298134011111,1500,False,1657.2376790046692,0.999095771162435,0.9979957276654875,0.00035215128799542084,0.0012345390140227064,0.9992266365633198,0.0009034712035652144,0.0020035332466303846,0.00013086540088480536,18.43106296848203,1.3274591960365676,11.096802969998972,5.200569249397617,11.096802969998972,0.5509641873278236,0.42087542087542085,0.5509641873278236,tra,36.36363636363636,22.727272727272727,36.36363636363636,-11.818181818181818,10.909090909090908,-28.18181818181818,8.181818181818182,54.0,66.0,8.196553367075312,5.130114506366174,8.196553367075312,0.853138716359449,-7.480344180294407,3.409454959113221,d056bcfe99349894,False,True
X,deriv=3e-06_boundary=2e-05_amp=8e-05_disc=0.5,deriv,0.3,False,42,2500,two_phase,1000,1500,0.9981541680458572,3e-06,2e-05,8e-05,0.5,40.0,0.9992998803078825,1500,False,1671.846035003662,0.9971981036118742,0.9825871449977691,0.004845301634203114,0.01670804942227222,0.9991527231876451,0.0027959093098266093,0.017371647986615057,0.0019546195757709217,25.241149377117388,1.6364909305297044,10.413159670344626,5.5324913374251095,10.413159670344626,0.5096418732782368,0.47138047138047134,0.5096418732782368,tra,33.63636363636363,25.454545454545453,33.63636363636363,-13.636363636363637,11.818181818181818,-28.18181818181818,5.454545454545454,54.0,66.0,8.867780329678018,5.257124557900676,8.867780329678018,1.7236884235271446,-5.458604798358958,2.4879693702638823,8348d2bc89f809dc,False,True
X,deriv=3e-06_boundary=2e-05_amp=8e-05_disc=0.5,deriv,0.3,False,43,2500,two_phase,1000,1500,0.9992859855295322,3e-06,2e-05,8e-05,0.5,40.0,0.9993202928024617,1500,False,1675.0293951034546,0.9992496632770593,0.9985176335606178,0.00023166331029412013,0.0008330088072804331,0.9993234796886113,0.0007500557290731624,0.001481829185687511,7.381641155201901e-05,19.017356213413933,1.307400283187013,9.424658962135053,5.3281743609496495,9.424658962135053,0.4683195592286501,0.42087542087542085,0.4683195592286501,tra,30.909090909090907,22.727272727272727,30.909090909090907,-11.818181818181818,10.909090909090908,-25.454545454545453,5.454545454545454,54.0,66.0,6.87717596941756,4.962914713833651,6.87717596941756,-1.9387933267614295,-6.444272436685016,2.9372253585619945,970bea51059776ff,False,True
X,deriv=3e-06_boundary=2e-05_amp=8e-05_disc=0.5,deriv,0.3,False,44,2500,two_phase,1000,1500,0.9993068431504702,3e-06,2e-05,8e-05,0.5,40.0,0.9994879497454605,1500,False,1653.6457970142365,0.9993248906617545,0.998005012787074,0.0004251048717528782,0.0014831745440512245,0.9994868145386789,0.0006746468401526655,0.001994303319378554,0.00016192387692448573,17.574189565759397,1.257493989691354,11.022014873064228,5.017708552633605,11.022014873064228,0.5647382920110192,0.38720538720538716,0.5647382920110192,tra,37.272727272727266,20.909090909090907,37.272727272727266,-11.818181818181818,9.09090909090909,-24.545454545454543,12.727272727272727,54.0,66.0,8.700790732469288,4.936871752032941,8.700790732469288,0.8970487295301393,-6.766169706105927,3.083942436693677,b41b212f459cb30a,False,True
X,deriv=1e-05_boundary=0_amp=8e-05_disc=0.5,boundary,0.0,False,42,2500,two_phase,1000,1500,0.9969822041509867,1e-05,0.0,8e-05,0.5,40.0,0.9986023697209846,1500,False,1927.587426185608,0.9968379421711785,0.9843114510539596,0.004127788249884556,0.014290416368607284,0.9985184429720284,0.0031583875074039165,0.015661926026946604,0.0016805008008499156,21.486241949837467,1.1631466560378005,8.213212172419679,4.704317893812109,8.213212172419679,0.44077134986225897,0.33670033670033667,0.44077134986225897,tra,29.09090909090909,18.18181818181818,29.09090909090909,-10.0,8.181818181818182,-23.636363636363637,5.454545454545454,54.0,66.0,7.151088868122425,4.691753953860585,7.151088868122425,0.3435864992609168,-4.03965124601101,1.841226639020515,a63edd9b0cf4a7ca,False,True
X,deriv=1e-05_boundary=0_amp=8e-05_disc=0.5,boundary,0.0,False,43,2500,two_phase,1000,1500,0.9984145580608323,1e-05,0.0,8e-05,0.5,40.0,0.9985117727305708,1500,False,1914.984050989151,0.9984057928031476,0.9972845932480818,0.00035481955192149606,0.0012760884176451492,0.9985177978358744,0.0015930658120160853,0.002714650366400728,0.00011200503272679185,19.18132355458594,1.1091397923572615,8.348448749963621,4.936063720720763,8.348448749963621,0.42699724517906334,0.33670033670033667,0.42699724517906334,tra,28.18181818181818,18.18181818181818,28.18181818181818,-10.0,8.181818181818182,-23.636363636363637,4.545454545454545,54.0,66.0,6.42765189853075,4.774622757043716,6.42765189853075,-1.2520793037727154,-5.3274654013032485,2.4281975393360296,fc68ac730f2f7405,False,True
X,deriv=1e-05_boundary=0_amp=8e-05_disc=0.5,boundary,0.0,False,44,2500,two_phase,1000,1500,0.997986892449631,1e-05,0.0,8e-05,0.5,40.0,0.9983648398462572,1500,False,1931.795837879181,0.9981563632047802,0.996367007441641,0.0005712979868940272,0.0019995335607946307,0.9983647158839628,0.0018401105873376642,0.003628013096130811,0.0002083526791826218,17.729307907375485,1.11402198714032,9.321287549340285,4.6244432799850195,9.321287549340285,0.4683195592286501,0.33670033670033667,0.4683195592286501,tra,30.909090909090907,18.18181818181818,30.909090909090907,-10.0,8.181818181818182,-25.454545454545453,5.454545454545454,54.0,66.0,6.730808775681178,4.4787624923485545,6.730808775681178,1.1515911544165207,-6.448458327592687,2.93913323955911,4eecc93a417f3100,False,True
X,deriv=1e-05_boundary=6e-06_amp=8e-05_disc=0.5,boundary,0.3,False,42,2500,two_phase,1000,1500,0.9964645511163474,1e-05,6e-06,8e-05,0.5,40.0,0.9970414810794211,1500,False,1674.2034978866577,0.9960565731947969,0.9902060809359137,0.0020484182721229845,0.006854627404871194,0.9969206376228861,0.003933751445508903,0.009788349924503836,0.0008640644280891729,18.520085753758366,1.4255435106743852,11.088123155025224,4.8139125309169355,11.088123155025224,0.4820936639118457,0.35353535353535354,0.4820936639118457,tra,31.818181818181817,19.09090909090909,31.818181818181817,-9.09090909090909,10.0,-26.363636363636363,5.454545454545454,54.0,66.0,8.637449043387688,4.65201151574609,8.637449043387688,1.2379590916847216,-6.952765573776209,3.168990689961809,6b6a8a719e236387,False,True
X,deriv=1e-05_boundary=6e-06_amp=8e-05_disc=0.5,boundary,0.3,False,43,2500,two_phase,1000,1500,0.9976451934118985,1e-05,6e-06,8e-05,0.5,40.0,0.9984717349210926,1500,False,1684.8611190319061,0.9984754308150013,0.9981964496868226,0.00010956039963993839,0.0004958948412143727,0.9984808436729933,0.001522864890134938,0.0018004227907075787,5.412857991937692e-06,18.968004148069046,1.140591188665213,8.775811411739115,4.899393504354962,8.775811411739115,0.4545454545454545,0.35353535353535354,0.4545454545454545,tra,29.999999999999996,19.09090909090909,29.999999999999996,-10.909090909090908,8.181818181818182,-24.545454545454543,5.454545454545454,54.0,66.0,6.518096890466289,4.883169905041789,6.518096890466289,-0.398382214725721,-5.876161915817514,2.6782871083944912,08d65c17f15302c2,False,True
X,deriv=1e-05_boundary=6e-06_amp=8e-05_disc=0.5,boundary,0.3,False,44,2500,two_phase,1000,1500,0.9974659164013027,1e-05,6e-06,8e-05,0.5,40.0,0.9979249441540039,1500,False,1669.3628001213074,0.9973398883535876,0.9931817825413057,0.0013749517693741678,0.004745834089983525,0.9979007421404835,0.0026559957446132417,0.006812958842754568,0.0005608537868959651,18.105762001619226,1.098966725481193,9.606600747742535,4.784678525496995,9.606600747742535,0.49586776859504134,0.37037037037037035,0.49586776859504134,tra,32.72727272727273,20.0,32.72727272727273,-11.818181818181818,8.181818181818182,-27.272727272727273,5.454545454545454,54.0,66.0,6.770284729239085,4.624326102092641,6.770284729239085,1.228314574470555,-6.815425343407371,3.106392590431801,67c0e2696de17464,False,True
X,deriv=1e-05_boundary=2e-05_amp=8e-05_disc=0.5,deriv,1.0,True,42,2500,two_phase,1000,1500,0.9970652994419589,1e-05,2e-05,8e-05,0.5,40.0,0.9986274113460765,1500,False,1695.3478090763092,0.9971506566654917,0.9865942516051541,0.0034773820700693863,0.012033009769900627,0.9985792010709522,0.002846430346246078,0.013384102828285283,0.0014285444054604746,21.31853875717447,1.1502198716218759,8.021663715216432,4.666455205592669,8.021663715216432,0.44077134986225897,0.37037037037037035,0.44077134986225897,tra,29.09090909090909,20.0,29.09090909090909,-11.818181818181818,8.181818181818182,-22.727272727272727,6.363636363636363,54.0,66.0,7.008472701157826,4.664491368183042,7.008472701157826,0.13536787635483005,-3.9023581533664253,1.7786500243238037,cd642d326b146f45,False,True
X,deriv=1e-05_boundary=2e-05_amp=8e-05_disc=0.5,deriv,1.0,True,43,2500,two_phase,1000,1500,0.998363962288992,1e-05,2e-05,8e-05,0.5,40.0,0.998486259887251,1500,False,1686.979907989502,0.9984440563888672,0.9980219645774328,0.000133633785475887,0.00046669786042308203,0.998488651641161,0.0015512157974293193,0.001973802065247887,4.4595252293722076e-05,19.81733386165182,1.0476995831232583,7.603920919261555,4.756047366960465,7.603920919261555,0.42699724517906334,0.33670033670033667,0.42699724517906334,tra,28.18181818181818,18.18181818181818,28.18181818181818,-10.0,8.181818181818182,-23.636363636363637,4.545454545454545,54.0,66.0,6.535410733970879,4.719631918172646,6.535410733970879,-0.5874190273880817,-3.8869036371746737,1.771606033352176,8396b4c517d4315b,False,True
X,deriv=1e-05_boundary=2e-05_amp=8e-05_disc=0.5,deriv,1.0,True,44,2500,two_phase,1000,1500,0.9985304891160454,1e-05,2e-05,8e-05,0.5,40.0,0.9989269694472633,1500,False,1689.7605440616608,0.9987708344361138,0.997338395169554,0.0004547496900492336,0.0015920957504415023,0.9989285391338527,0.0012215223402662497,0.002648248669523179,0.00015770469773890294,19.757314955731992,1.009070536405593,8.406328619914152,4.330398357261373,8.406328619914152,0.4820936639118457,0.35353535353535354,0.4820936639118457,tra,31.818181818181817,19.09090909090909,31.818181818181817,-10.0,9.09090909090909,-26.363636363636363,5.454545454545454,54.0,66.0,6.733636927171314,4.254367218086257,6.733636927171314,0.8079043917723252,-5.03234484102815,2.2936849776791934,dd60efa1be0fb915,False,True
