gate,n_c,trained,F_pedersen,F_old_plus_d,F_delta,L1,unitarity_err_2x2,basis_orthonormality_err
I,18,False,0.9995068061878142,0.9996711513393164,0.00016434515150220985,0.0004930354545065185,0.0007725041816964657,2.482534153247273e-16
X,18,False,0.997340281943135,0.9982259758778661,0.0008856939347311465,0.0026570818041931066,0.004166120316628242,2.482534153247273e-16
Y,18,False,0.9990419276840461,0.9993592722918793,0.00031734460783316987,0.0009520338234990655,0.0013905073700823166,2.482534153247273e-16
Z,18,False,0.9994834443611872,0.9996546222225939,0.00017117786140674607,0.0005135335842201272,0.000824997535928227,2.482534153247273e-16
H,18,False,0.9982922032877332,0.9988613886653095,0.0005691853775763311,0.0017075561327289934,0.002770646525316276,2.482534153247273e-16
T,18,False,0.9997893474884738,0.9998594592418272,7.01117533533635e-05,0.0002103352600599795,0.000366118325383905,2.482534153247273e-16
I,20,False,0.9995067844926142,0.9996711368754934,0.00016435238287915155,0.0004930571486376767,0.0007725450812862753,2.482534153247273e-16
X,20,False,0.9984287345880047,0.9989514394989952,0.0005227049109904902,0.0015681147329714706,0.0024102094418832847,2.482534153247273e-16
Y,20,False,0.9991295881646775,0.9994176637936473,0.0002880756289698194,0.0008642268869090142,0.0012910578004418755,2.482534153247273e-16
Z,20,False,0.9994834359776233,0.9996546166381383,0.00017118066051491354,0.0005135419815447406,0.0008250142269705876,2.482534153247273e-16
H,20,False,0.9983015697252209,0.998867633678608,0.000566063953387097,0.0016981918601614021,0.0027564834040527467,2.482534153247273e-16
T,20,False,0.9997893264830967,0.9998594452392441,7.011875614737484e-05,0.0002103562684425686,0.0003661251386392671,2.482534153247273e-16
I,22,True,0.9995067840439722,0.9996711365763805,0.00016435253240831837,0.0004930575972247331,0.0007725453807492231,2.220446049250313e-16
X,22,True,0.9985363998411386,0.9990231727383646,0.0004867728972259844,0.001460318691677731,0.0022290212063866,2.220446049250313e-16
Y,22,True,0.9991333707702509,0.9994201812393708,0.0002868104691199358,0.0008604314073596964,0.0012961335062233131,2.220446049250313e-16
Z,22,True,0.9994834353516072,0.99965461622087,0.0001711808692628214,0.0005135426077889083,0.0008250146111963625,2.220446049250313e-16
H,22,True,0.9983022155820575,0.998868064318323,0.0005658487362655285,0.0016975462087962523,0.0027559903159749314,2.220446049250313e-16
T,22,True,0.9997893260939973,0.9998594449798847,7.011888588737136e-05,0.0002103566576621141,0.0003661259069073493,2.220446049250313e-16
I,24,True,0.9995067840418632,0.9996711365749748,0.00016435253311153364,0.0004930575993347119,0.0007725453847432163,0.0
X,24,True,0.9985426046133483,0.9990273278849662,0.00048472327161785955,0.0014541698148536897,0.0022228699875262645,0.0
Y,24,True,0.9991324174170281,0.9994195454024931,0.00028712798546504104,0.0008613839563953452,0.0012985301079206082,0.0
Z,24,True,0.9994834353507015,0.9996546162202652,0.00017118086956369183,0.0005135426086907424,0.0008250146132745373,0.0
H,24,True,0.9983022391669104,0.9988680800479607,0.0005658408810502724,0.0016975226431508172,0.002755962426253127,0.0
T,24,True,0.9997893260891616,0.9998594449766601,7.011888749852702e-05,0.00021035666249558105,0.0003661259084413476,0.0
I,26,True,0.9995067840418462,0.9996711365749634,0.00016435253311719578,0.0004930575993514763,0.0007725453847723866,2.220446049250313e-16
X,26,True,0.9985419116164147,0.9990268665195439,0.00048495490312916445,0.0014548647093872713,0.0022237439344593816,2.220446049250313e-16
Y,26,True,0.9991319783952765,0.9994192529296626,0.00028727453438615047,0.0008618236031581183,0.0012990629778937845,2.220446049250313e-16
Z,26,True,0.9994834353506429,0.9996546162202259,0.0001711808695830097,0.0005135426087492512,0.0008250146133098301,2.220446049250313e-16
H,26,True,0.9983022379376711,0.9988680792281283,0.0005658412904571142,0.0016975238713714536,0.0027559645989407465,2.220446049250313e-16
T,26,True,0.9997893260891481,0.999859444976651,7.011888750296791e-05,0.00021035666250912577,0.0003661259084786134,2.220446049250313e-16
I,28,False,0.9995067840418216,0.9996711365749471,0.00016435253312552245,0.0004930575993764563,0.0007725453847840996,3.1401849173675503e-16
X,28,False,0.9985419593777092,0.99902689821807,0.0004849388403608268,0.0014548165210825914,0.0022238218876304535,3.1401849173675503e-16
Y,28,False,0.9991319396286652,0.9994192271350167,0.0002872875063515412,0.0008618625190546236,0.0012990994422203163,3.1401849173675503e-16
Z,28,False,0.9994834353506263,0.9996546162202149,0.00017118086958856082,0.0005135426087656825,0.0008250146133007416,3.1401849173675503e-16
H,28,False,0.9983022380079958,0.9988680792749859,0.0005658412669901081,0.0016975238009701021,0.002755964623326746,3.1401849173675503e-16
T,28,False,0.9997893260891276,0.9998594449766375,7.011888750985129e-05,0.00021035666252955387,0.00036612590849527957,3.1401849173675503e-16
I,30,False,0.9995067840418415,0.9996711365749603,0.0001643525331188611,0.0004930575993562503,0.0007725453847752067,3.1401849173675503e-16
X,30,False,0.9985419636378334,0.9990269010522307,0.00048493741439725735,0.00145481224319155,0.00222381727988499,3.1401849173675503e-16
Y,30,False,0.9991319404411612,0.9994192276824392,0.0002872872412780225,0.0008618617238340676,0.001299099383239721,3.1401849173675503e-16
Z,30,False,0.9994834353506477,0.9996546162202291,0.0001711808695814554,0.0005135426087443662,0.0008250146132920745,3.1401849173675503e-16
H,30,False,0.998302237994916,0.9988680792662659,0.0005658412713498429,0.0016975238140493065,0.002755964643014472,3.1401849173675503e-16
T,30,False,0.9997893260891315,0.9998594449766399,7.0118887508408e-05,0.00021035666252555707,0.0003661259085131927,3.1401849173675503e-16
I,32,False,0.9995067840418447,0.9996711365749625,0.0001643525331178619,0.0004930575993531416,0.0007725453847780959,3.1401849173675503e-16
X,32,False,0.9985419637699965,0.999026901141157,0.00048493737116050983,0.0014548121134815295,0.0022238165581775615,3.1401849173675503e-16
Y,32,False,0.9991319409605044,0.9994192280290884,0.0002872870685840523,0.0008618612057520458,0.0012990990250576404,3.1401849173675503e-16
Z,32,False,0.9994834353506459,0.9996546162202279,0.0001711808695820105,0.0005135426087464756,0.0008250146132972413,3.1401849173675503e-16
H,32,False,0.9983022379947254,0.9988680792661387,0.0005658412714133476,0.0016975238142400428,0.002755964642877202,3.1401849173675503e-16
T,32,False,0.99978932608912,0.9998594449766323,7.011888751229378e-05,0.00021035666253699237,0.000366125908503517,3.1401849173675503e-16
