gate,n_c,L1,L2,L1_E,L2_E_to_C,F_ET,dominant_leak_destination,coarse_destination_class,flag,destination_stable,coarse_destination_stable,L1_E_spread,L1_E_plateau_spread
dec,22,0.0036145576716470895,0.09620710023286096,0.925919249946417,0.06754729576711602,,P_g_odd,g_odd_parity,dangerous,False,False,1.2035253156073011e-05,3.9203123713971166e-07
dec,24,0.003617338215005317,0.09623468347475052,0.925931285199573,0.06749835550591375,,P_g_even_nonlogical,g_even_radial,watch+seepage_note,False,False,1.2035253156073011e-05,3.9203123713971166e-07
dec,26,0.0036174683822757236,0.09621521558294557,0.9259308931683359,0.06749584316903892,,P_g_even_nonlogical,g_even_radial,watch+seepage_note,False,False,1.2035253156073011e-05,3.9203123713971166e-07
X,22,0.0017897304093906774,2.3511890568879356e-05,0.9246517446252461,3.0432813560347287e-05,0.0606247262615904,P_g_even_nonlogical,g_even_radial,document,True,True,1.672887922643529e-05,1.3949463828488717e-07
X,24,0.0017816249600359768,2.3481766166588765e-05,0.9246684735044726,3.0459634516646203e-05,0.060611442391219794,P_g_even_nonlogical,g_even_radial,document,True,True,1.672887922643529e-05,1.3949463828488717e-07
X,26,0.0017824053206840773,2.3472498070343664e-05,0.9246683340098343,3.044571143909243e-05,0.06061225971853895,P_g_even_nonlogical,g_even_radial,document,True,True,1.672887922643529e-05,1.3949463828488717e-07
H,22,0.0016975462087962523,2.4179290404577928e-05,0.8461680875906606,1.3488360174216907e-05,0.06606871021963147,P_g_even_nonlogical,g_even_radial,document,True,True,5.303201544570868e-09,9.410577872515091e-10
H,24,0.0016975226431508172,2.4179241778922594e-05,0.8461680822874591,1.3488138652861292e-05,0.06606870334688966,P_g_even_nonlogical,g_even_radial,document,True,True,5.303201544570868e-09,9.410577872515091e-10
H,26,0.0016975238713714536,2.4179252890253748e-05,0.8461680832285169,1.3488122763277632e-05,0.06606870316955465,P_g_even_nonlogical,g_even_radial,document,True,True,5.303201544570868e-09,9.410577872515091e-10
