gate,n_c,L1,L1_E,L2_E_to_C,F_ET,M_E_offdiag,err_dominant_destination,err_P_g_even_nonlogical,err_P_g_odd,err_P_e_even,err_P_e_odd
enc,24,0.001143545992283057,0.9185276060053943,7.4310457083703e-05,,0.22809722874962857,P_g_even_nonlogical,0.6871049242039802,0.6065108401649438,0.392447982896867,0.3137876318201916
dec,24,0.003617338215005317,0.925931285199573,0.06749835550591375,,0.3061564009366247,P_g_odd,0.36687769513095864,0.5073050252094917,0.4855950481271134,0.5052255205206978
X,24,0.0017816249600359768,0.9246684735044726,3.0459634516646203e-05,0.060611442391219794,0.24549487464729583,P_e_even,0.4887742093011854,0.30189854802950644,0.6254373807917295,0.5838289426086039
Y,24,0.0012677311453948015,0.865717425595505,1.77813867747274e-05,0.05509833917624766,0.37925023006136777,P_g_odd,0.4023239974542746,0.6116511819206736,0.5392667634290373,0.4467224944225995
H,24,0.0016975226431508172,0.8461680822874591,1.3488138652861292e-05,0.06606870334688966,0.10591875103394273,P_g_odd,0.2898457974345201,0.7560013258289879,0.39557022299037725,0.5585556774688898
Z,24,0.0005788653944009958,0.23463103929225482,3.5386744947692013e-06,0.33272339404942713,0.0002316785488377057,P_g_odd,1.7357718450436547e-05,1.6013393436942538,0.0012105173718574033,0.3974257038666711
T,24,0.00021035666249558105,0.04834348247351694,3.494190883726333e-07,0.9381925329040562,0.00018012385926551152,P_g_odd,3.1936494265550778e-06,1.918450295517718,0.0005199987918058505,0.08102581320309035
I,24,0.0004930575993347119,0.08960100892470924,1.1197554647736112e-07,0.9101469273037193,1.9322622761120846e-06,P_g_odd,3.775815520488119e-07,1.83575551243266,5.8905835251977594e-05,0.16418498019971905
drift(u=0),24,0.019194135674910795,0.020108052847599645,0.0,0.9798850001677897,0.0,P_g_odd,0.0,2.000000000000025,0.0,0.0
