Gate,Probe,Group,P_logical_initial,P_logical,P_g_even_nonlogical,P_g_odd,P_e_even,P_e_odd
enc,"|e,0>",A,0.0,0.9990836343777147,0.00047601162503707606,0.0002966954576265881,9.130252479179661e-05,5.2356014843555114e-05
enc,"|e,1>",A,0.0,1.2173231620978689e-06,0.41988304377580365,0.24324666639329356,0.2752538756084738,0.06161519689931708
enc,"|e,2>",A,0.0,1.1946883034476553e-05,0.1664193836881968,0.4073517895229098,0.21247378015003754,0.21374309975584938
enc,"|g,1>",B,0.0,2.61500383922559e-06,0.2451743186763514,0.33420473301851067,0.2595725821702747,0.16104575113107578
enc,"|g,3>",B,0.0,3.857301341311933e-05,0.19714350890808374,0.29285875852098187,0.3594835912242732,0.15047556833329268
enc,"|g,5>",B,0.0,0.0001399162133957091,0.22946143191890275,0.3658416910625122,0.3130833310250464,0.09147362978021707
enc,"|g,8>_orth",C,1.1605143610888812e-35,0.009915319085777198,0.3872790685670138,0.4226366301501975,0.06987116205928248,0.11029782013778427
enc,"|g,6>_orth",C,1.1467779713135065e-36,5.4888282897513324e-05,0.2267956526281916,0.40259675600069833,0.20261384129264548,0.1679388617956313
enc,"|g,4>_orth",C,6.538696206366926e-34,0.7679103219527859,0.06331810323740772,0.08378630818790454,0.04949754869430743,0.03548771792763717
dec,"|e,0>",A,0.0,0.1601179796731108,0.09911028828856683,0.21127687212195664,0.26831817165235416,0.26117668826401763
dec,"|e,1>",A,0.0,0.16320502068312323,0.14490014131262954,0.38021840102867505,0.12723288124904567,0.18444355572651994
dec,"|e,2>",A,0.0,0.04196423412339052,0.07543496205641981,0.1954476380587795,0.3532920066941032,0.3338611590673688
dec,"|g,1>",B,0.0,0.06698973579271632,0.08696312905666335,0.2062170109507569,0.22512002759242994,0.4147100966074504
dec,"|g,3>",B,0.0,0.07787983273454997,0.08210557014208113,0.20407147769367384,0.22643386625159095,0.4095092531781317
dec,"|g,5>",B,0.0,0.26490931985402894,0.2530625860672641,0.18633380507023078,0.17031076650342292,0.12538352250510784
dec,"|g,8>_orth",C,1.1605143610888812e-35,0.2606976636262745,0.11661736294733926,0.2954087373519832,0.13508371000759528,0.19219252606690523
dec,"|g,6>_orth",C,1.1467779713135065e-36,0.04723386026319079,0.15983865452313728,0.2769992007663353,0.18055489258991891,0.3353733918574954
dec,"|g,4>_orth",C,6.538696206366926e-34,0.12142566080053956,0.04313097815475074,0.20089553179461928,0.31506640102894523,0.31948142822116876
X,"|e,0>",A,0.0,7.47921310509809e-06,0.03710931952721828,0.1894679921844944,0.41893012780751543,0.35448508126767475
X,"|e,1>",A,0.0,1.2105120895114422e-05,0.24196834873166628,0.2798078003169393,0.3007215566766519,0.17749018915386663
X,"|e,2>",A,0.0,1.2356538408565041e-05,0.3399117130124679,0.13299052124681668,0.3922855021677081,0.13479990703464975
X,"|g,1>",B,0.0,1.1271903488697349e-05,0.31109542735940765,0.37886149416584414,0.16452074801913363,0.1455110585521494
X,"|g,3>",B,0.0,1.420352541693237e-05,0.07890067308271054,0.28033642490736055,0.29272852041187264,0.34802017807269425
X,"|g,5>",B,0.0,8.079570439808413e-05,0.18727841000849507,0.3217982235462192,0.06532808519551142,0.42551448554544585
X,"|g,8>_orth",C,1.1605143610888812e-35,9.780064936320415e-05,0.16908940712712042,0.38518194755784074,0.23154740185644052,0.21408344280931457
X,"|g,6>_orth",C,1.1467779713135065e-36,0.000185201469745335,0.30377505791607123,0.41697780646770427,0.09083236601233309,0.18822956813421812
X,"|g,4>_orth",C,6.538696206366926e-34,2.5930501323566187e-05,0.17070047032002655,0.44124798992299313,0.23161500629107684,0.15641060296458853
Y,"|e,0>",A,0.0,2.4601903184255298e-05,0.39174664408054516,0.10672360407458649,0.32279118203495816,0.17871396790677962
Y,"|e,1>",A,0.0,1.453394941087117e-05,0.26357213598837065,0.24365369779960114,0.25823881555636197,0.2345208167063031
Y,"|e,2>",A,0.0,2.808690352445471e-05,0.22007579343758127,0.34530743575575074,0.25216784878709375,0.18242083511609247
Y,"|g,1>",B,0.0,2.2581008975004472e-05,0.0538846263984131,0.21112370692066465,0.3972623564380703,0.3377067292339343
Y,"|g,3>",B,0.0,0.0001521044206798114,0.2681018226960466,0.3669806871121679,0.19075067570122162,0.17401471006993652
Y,"|g,5>",B,0.0,3.843070144299118e-05,0.3775049922922165,0.2395952935702266,0.08832935381585241,0.29453192962037444
Y,"|g,8>_orth",C,1.1605143610888812e-35,2.9036318065872276e-05,0.13420305259294085,0.4074023748389233,0.21903282168246438,0.23933271456773914
Y,"|g,6>_orth",C,1.1467779713135065e-36,8.478137386278055e-05,0.25955973938019683,0.20545906137486789,0.36709115709811524,0.1678052607730673
Y,"|g,4>_orth",C,6.538696206366926e-34,3.134236320051371e-05,0.059268417076514215,0.369634800064765,0.24932427502829477,0.32174116546726655
Z,"|e,0>",A,0.0,2.0897409574273733e-07,7.39387092083925e-07,0.00019896191778784702,0.9990865912241402,0.0007134984969062937
Z,"|e,1>",A,0.0,4.2185040481925744e-06,6.455625920803904e-06,0.08925149055534562,0.0014660793411275875,0.9092717559735749
Z,"|e,2>",A,0.0,1.0534630875912794e-06,2.886581075974357e-07,0.0010111900437981783,0.997226171518705,0.0017612963163896227
Z,"|g,1>",B,0.0,1.5366885116182006e-05,5.4238896644835045e-05,0.9098498141574763,0.0007321167602609959,0.08934846330055093
Z,"|g,3>",B,0.0,4.898849510638898e-06,1.5129198904388837e-06,0.010607429432198704,0.0021830339269978526,0.9872031248714556
Z,"|g,5>",B,0.0,2.646172972123795e-06,6.6067670956093985e-06,0.9876238914088894,0.0030668969938667076,0.009299958657319926
Z,"|g,8>_orth",C,1.1605143610888812e-35,1.917842690629525e-05,0.9992185288242558,0.0001133584331053398,0.0005896017702292729,5.933254553869544e-05
Z,"|g,6>_orth",C,1.1467779713135065e-36,1.9537314825738549e-07,0.9997529916039181,5.587137198196455e-05,0.00012320459464921973,6.77370564036393e-05
Z,"|g,4>_orth",C,6.538696206366926e-34,6.430696648940367e-07,0.9999210020437709,5.503811522919884e-05,1.113722837454927e-05,1.2179542974515518e-05
H,"|e,0>",A,0.0,3.2409302042965895e-06,0.002672400224614178,0.05586637430025193,0.9376987162929523,0.0037592682519704147
H,"|e,1>",A,0.0,1.4265500280604778e-05,0.11642244051121424,0.1197021284054977,0.1618695583169725,0.6019916072660619
H,"|e,2>",A,0.0,1.2981136214259556e-05,0.08368921760806108,0.16710581857153356,0.27749367215628273,0.4716983105279419
H,"|g,1>",B,0.0,2.3067524253980242e-05,0.3265912140789744,0.550176708069828,0.053374598463498915,0.06983441186348319
H,"|g,3>",B,0.0,1.550753793026799e-05,0.052770854490757045,0.29823517953804074,0.17942220998924768,0.4695562484440548
H,"|g,5>",B,0.0,2.342852133075894e-06,0.0812657969856724,0.36465600313071767,0.4056338367869364,0.14844202024460038
H,"|g,8>_orth",C,1.1605143610888812e-35,7.107737034585656e-05,0.21948128059565988,0.3891208645643611,0.24774924307901355,0.14357753439068655
H,"|g,6>_orth",C,1.1467779713135065e-36,8.170373519493218e-06,0.4159510051342821,0.22664198853388562,0.12111474919985432,0.2362840867585077
H,"|g,4>_orth",C,6.538696206366926e-34,6.695995112846854e-05,0.473755886278615,0.2531083169231453,0.08484423993361974,0.18822459691350227
T,"|e,0>",A,0.0,1.171312639567681e-07,4.115849439742174e-07,3.7946442728739264e-06,0.9999132001405467,8.247649899363125e-05
T,"|e,1>",A,0.0,4.07680832217555e-07,6.589262044094105e-07,0.03375279319635431,0.0003454508015815084,0.9659006893951416
T,"|e,2>",A,0.0,3.6622929949241564e-08,7.1981751083608676e-09,0.00014450566490544934,0.9993562754616062,0.0004991750524475936
T,"|g,1>",B,0.0,6.217527643180748e-07,7.762348885156875e-07,0.9662258180830711,5.226811031653662e-05,0.03372051581903942
T,"|g,3>",B,0.0,5.718494826580138e-07,1.3982258951572396e-07,0.9715484128544312,0.00039842725480215764,0.028052448218841612
T,"|g,5>",B,0.0,7.039226721008106e-07,5.237152940139316e-07,0.911965865862982,0.00017481208928025126,0.08785809440985498
T,"|g,8>_orth",C,1.1605143610888812e-35,2.1202338439058054e-05,0.999887757293207,2.3953283273295245e-05,4.218589517813518e-05,2.4901190002163773e-05
T,"|g,6>_orth",C,1.1467779713135065e-36,1.7186875699288662e-07,0.9999942000004072,5.807569898958823e-07,2.7474216517878343e-06,2.2999522517740845e-06
T,"|g,4>_orth",C,6.538696206366926e-34,1.7700677854310303e-07,0.9999977116121337,1.0923035480388812e-06,5.99805496004498e-07,4.19272113754564e-07
I,"|e,0>",A,0.0,1.2287911249813249e-07,4.348473746374594e-07,1.4487075527614613e-06,0.9999679267865804,3.0066779405842058e-05
I,"|e,1>",A,0.0,1.6037946494226415e-07,5.606637012958014e-07,0.09560297243692042,2.941648634197338e-05,0.9043668900337313
I,"|e,2>",A,0.0,2.779946321898065e-08,6.34766616671649e-09,1.795898605949199e-05,0.9998520084911717,0.0001299983757158876
I,"|g,1>",B,0.0,6.819791367698925e-08,1.7533454488479247e-07,0.9043950874834609,4.0119688657088665e-06,0.09560065701531392
I,"|g,3>",B,0.0,2.1668342266456638e-07,5.286759840569624e-08,0.9423911090110763,3.256894879998278e-05,0.05757605248927998
I,"|g,5>",B,0.0,1.7398600761959672e-07,3.1476017498792506e-07,0.8711920425859893,5.7897134824771876e-05,0.12874957153311206
I,"|g,8>_orth",C,1.1605143610888812e-35,3.256628335016256e-06,0.9999936854934492,1.7866536315707833e-07,8.98944855817039e-07,1.9802680565668155e-06
I,"|g,6>_orth",C,1.1467779713135065e-36,3.752465567072745e-06,0.9999909654566511,4.035630375087596e-07,4.2375333536112154e-06,6.409814905487983e-07
I,"|g,4>_orth",C,6.538696206366926e-34,1.3413851896738924e-07,0.999998509740669,6.65055146791594e-08,5.836594474161828e-07,7.059558917179811e-07
